is_multi_day_active,conversion_rate
0,0.2109500805152979
1,0.21739130434782608
