module_breadth,converted
1,0.20707964601769913
2,0.22598870056497175
3,0.248
4,0.20833333333333334
5,0.125
6,0.0
