is_activated,conversion_rate
0,0.21323529411764705
1,0.21333333333333335
