goal_name,completion_rate,conv_rate_when_completed,conv_rate_when_not_completed,lift,activity_evidence__activity_name,activity_evidence__lift,activity_evidence__p_value,activity_evidence__coverage_rate
goal_schedule_setup,0.8778467908902692,0.21816037735849056,0.17796610169491525,1.2258535489667566,Absence.Request.Approved,0.935678391959799,1.0,0.036231884057971016
goal_time_tracking_started,0.21842650103519667,0.22748815165876776,0.20927152317880796,1.087047813306137,Absence.Request.Rejected,1.3465346534653464,0.5124992004018616,0.014492753623188406
goal_ops_approval,0.4161490683229814,0.21641791044776118,0.21099290780141844,1.0257117772482127,Break.Activate.Finished,0.7804878048780488,1.0,0.006211180124223602
is_activated,0.15527950310559005,0.21333333333333335,0.21323529411764705,1.0004597701149427,Break.Activate.Started,0.7804878048780488,1.0,0.006211180124223602
goal_schedule_visibility,0.4720496894409938,0.21271929824561403,0.21372549019607842,0.995292129406084,Absence.Request.Created,0.9603729603729604,1.0,0.040372670807453416
